{"cameraMode":{"drawMode":0,"name":"Shaded","section":"Shading Mode"},"sceneLighting":false,"audioPlay":false,"sceneViewState":{"showFog":true,"showMaterialUpdate":true,"showSkybox":true,"showFlares":true,"showImageEffects":true,"showParticleSystems":true},"in2DMode":false,"pivot":{"x":0.19582149386405946,"y":1.0368176698684693,"z":0.19000005722045899},"rotation":{"x":0.09222588688135147,"y":-0.7072358727455139,"z":0.09390110522508621,"w":0.6946181654930115},"size":16.357879638671876,"orthographic":false}